{
    "name": "root",
    "gauges": {
        "AgentController.Policy.Entropy.mean": {
            "value": -0.005881377030164003,
            "min": -0.00671867560595274,
            "max": 0.04622218385338783,
            "count": 17
        },
        "AgentController.Policy.Entropy.sum": {
            "value": -194.98529052734375,
            "min": -194.98529052734375,
            "max": 3875.730224609375,
            "count": 17
        },
        "AgentController.Environment.EpisodeLength.mean": {
            "value": 576.4038461538462,
            "min": 496.0,
            "max": 636.7605633802817,
            "count": 17
        },
        "AgentController.Environment.EpisodeLength.sum": {
            "value": 29973.0,
            "min": 3472.0,
            "max": 78970.0,
            "count": 17
        },
        "AgentController.Step.mean": {
            "value": 569532.0,
            "min": 29699.0,
            "max": 569532.0,
            "count": 19
        },
        "AgentController.Step.sum": {
            "value": 569532.0,
            "min": 29699.0,
            "max": 569532.0,
            "count": 19
        },
        "AgentController.Policy.ExtrinsicValueEstimate.mean": {
            "value": -166.57398986816406,
            "min": -199.86326599121094,
            "max": -153.09457397460938,
            "count": 19
        },
        "AgentController.Policy.ExtrinsicValueEstimate.sum": {
            "value": -8661.84765625,
            "min": -9644.66796875,
            "max": -7042.3505859375,
            "count": 19
        },
        "AgentController.Environment.CumulativeReward.mean": {
            "value": -795.9134961641752,
            "min": -979.0800800323486,
            "max": -729.7963650043195,
            "count": 19
        },
        "AgentController.Environment.CumulativeReward.sum": {
            "value": -41387.50180053711,
            "min": -46995.843841552734,
            "max": -37949.41098022461,
            "count": 19
        },
        "AgentController.Policy.ExtrinsicReward.mean": {
            "value": -795.9134961641752,
            "min": -979.0800800323486,
            "max": -729.7963650043195,
            "count": 19
        },
        "AgentController.Policy.ExtrinsicReward.sum": {
            "value": -41387.50180053711,
            "min": -46995.843841552734,
            "max": -37949.41098022461,
            "count": 19
        },
        "AgentController.IsTraining.mean": {
            "value": 1.0,
            "min": 1.0,
            "max": 1.0,
            "count": 19
        },
        "AgentController.IsTraining.sum": {
            "value": 1.0,
            "min": 1.0,
            "max": 1.0,
            "count": 19
        },
        "AgentController.Losses.PolicyLoss.mean": {
            "value": 0.017447319976054133,
            "min": 0.015415056575147901,
            "max": 0.01959757820877712,
            "count": 14
        },
        "AgentController.Losses.PolicyLoss.sum": {
            "value": 0.017447319976054133,
            "min": 0.01625507869757712,
            "max": 0.03919515641755424,
            "count": 14
        },
        "AgentController.Losses.ValueLoss.mean": {
            "value": 781.6411010742188,
            "min": 358.6138569106404,
            "max": 1100.7507425944011,
            "count": 14
        },
        "AgentController.Losses.ValueLoss.sum": {
            "value": 781.6411010742188,
            "min": 358.6138569106404,
            "max": 1755.775491559064,
            "count": 14
        },
        "AgentController.Policy.LearningRate.mean": {
            "value": 0.0004800002897142284,
            "min": 0.0004800002897142284,
            "max": 0.0004971750362792788,
            "count": 14
        },
        "AgentController.Policy.LearningRate.sum": {
            "value": 0.0004800002897142284,
            "min": 0.0004800002897142284,
            "max": 0.0009880009666855213,
            "count": 14
        },
        "AgentController.Policy.Epsilon.mean": {
            "value": 0.38800017142857135,
            "min": 0.38800017142857135,
            "max": 0.39830502142857144,
            "count": 14
        },
        "AgentController.Policy.Epsilon.sum": {
            "value": 0.38800017142857135,
            "min": 0.38800017142857135,
            "max": 0.7928005785714287,
            "count": 14
        },
        "AgentController.Policy.Beta.mean": {
            "value": 0.0019204011371428567,
            "min": 0.0019204011371428567,
            "max": 0.0019887566421428566,
            "count": 14
        },
        "AgentController.Policy.Beta.sum": {
            "value": 0.0019204011371428567,
            "min": 0.0019204011371428567,
            "max": 0.0039522438378571416,
            "count": 14
        }
    },
    "metadata": {
        "timer_format_version": "0.1.0",
        "start_time_seconds": "1714143508",
        "python_version": "3.9.13 (tags/v3.9.13:6de2ca5, May 17 2022, 16:36:42) [MSC v.1929 64 bit (AMD64)]",
        "command_line_arguments": "E:\\Github\\Unity Space\\The Walker\\venv\\scripts\\mlagents-learn config/config.yaml --run-id standPerTimeNoModel11",
        "mlagents_version": "0.30.0",
        "mlagents_envs_version": "0.30.0",
        "communication_protocol_version": "1.5.0",
        "pytorch_version": "2.3.0+cu118",
        "numpy_version": "1.21.2",
        "end_time_seconds": "1714143987"
    },
    "total": 479.22038660000004,
    "count": 1,
    "self": 0.005482300000039686,
    "children": {
        "run_training.setup": {
            "total": 0.07524860000000011,
            "count": 1,
            "self": 0.07524860000000011
        },
        "TrainerController.start_learning": {
            "total": 479.1396557,
            "count": 1,
            "self": 0.1043006000004425,
            "children": {
                "TrainerController._reset_env": {
                    "total": 8.6771698,
                    "count": 1,
                    "self": 8.6771698
                },
                "TrainerController.advance": {
                    "total": 470.2275187999996,
                    "count": 5283,
                    "self": 0.10965640000034682,
                    "children": {
                        "env_step": {
                            "total": 345.62182279999905,
                            "count": 5283,
                            "self": 325.6294251000017,
                            "children": {
                                "SubprocessEnvManager._take_step": {
                                    "total": 19.924487199999326,
                                    "count": 5283,
                                    "self": 0.535372900000624,
                                    "children": {
                                        "TorchPolicy.evaluate": {
                                            "total": 19.389114299998703,
                                            "count": 4812,
                                            "self": 19.389114299998703
                                        }
                                    }
                                },
                                "workers": {
                                    "total": 0.06791049999804244,
                                    "count": 5283,
                                    "self": 0.0,
                                    "children": {
                                        "worker_root": {
                                            "total": 468.53683069999926,
                                            "count": 5283,
                                            "is_parallel": true,
                                            "self": 166.8407554000001,
                                            "children": {
                                                "steps_from_proto": {
                                                    "total": 0.0019649999999993284,